{
  // Rewrite all routes to `index.html` so that React Router can handle client-side routing.
  // This ensures that refreshing or directly accessing nested routes (e.g., /provincia, /municipios/san-juan) does not result in a 404 error on Vercel.
  "rewrites": [
    { "source": "/(.*)", "destination": "/index.html" }
  ],

  // Optional HTTP headers to improve caching and security for Progressive Web App assets. These headers
  // match the recommendations from the Vite PWA deployment guide. They are optional but useful if your
  // project uses the `vite-plugin-pwa` to generate a service worker and web manifest.
  "headers": [
    {
      "source": "/(.*).html",
      "headers": [
        { "key": "Cache-Control", "value": "public, max-age=0, must-revalidate" }
      ]
    },
    {
      "source": "/sw.js",
      "headers": [
        { "key": "Cache-Control", "value": "public, max-age=0, must-revalidate" }
      ]
    },
    {
      "source": "/manifest.webmanifest",
      "headers": [
        { "key": "Content-Type", "value": "application/manifest+json" }
      ]
    },
    {
      "source": "/assets/(.*)",
      "headers": [
        { "key": "Cache-Control", "value": "max-age=31536000, immutable" }
      ]
    },
    {
      "source": "/(.*)",
      "headers": [
        { "key": "X-Content-Type-Options", "value": "nosniff" },
        { "key": "X-Frame-Options", "value": "DENY" },
        { "key": "X-XSS-Protection", "value": "1; mode=block" }
      ]
    }
  ]
}