[
  {
    "id": "lug-corral",
    "slug": "corral-de-los-indios",
    "nombre": "Corral de los Indios",
    "categoria": "patrimonio-arqueologico",
    "municipio": "juan-de-herrera",
    "descripcion": "Plaza ceremonial indígena (demo).",
    "imagenes": [
      {
        "src": "/img/placeholder.jpg",
        "alt": "Placeholder"
      }
    ],
    "tags": [
      "taíno",
      "arqueología"
    ]
  },
  {
    "id": "lug-parque",
    "slug": "parque-nacional",
    "nombre": "Parque Nacional José del Carmen Ramírez",
    "categoria": "naturaleza",
    "municipio": "bohechio",
    "descripcion": "Área protegida de montaña (demo).",
    "imagenes": [
      {
        "src": "/img/placeholder.jpg",
        "alt": "Placeholder"
      }
    ],
    "tags": [
      "ecoturismo"
    ]
  }
]