[
  {
    "id": "mun-sjm",
    "slug": "san-juan-de-la-maguana",
    "nombre": "San Juan de la Maguana",
    "resumen": "Municipio cabecera.",
    "distritos_municipales": [
      "Pedro Corto",
      "Sabaneta"
    ]
  },
  {
    "id": "mun-lmf",
    "slug": "las-matas-de-farfan",
    "nombre": "Las Matas de Farfán",
    "resumen": "Municipio agropecuario.",
    "distritos_municipales": [
      "Matayaya"
    ]
  },
  {
    "id": "mun-cer",
    "slug": "el-cercado",
    "nombre": "El Cercado",
    "resumen": "Identidad rural e histórica.",
    "distritos_municipales": [
      "Batista"
    ]
  },
  {
    "id": "mun-boh",
    "slug": "bohechio",
    "nombre": "Bohechío",
    "resumen": "Naturaleza y aventura.",
    "distritos_municipales": [
      "Arroyo Cano"
    ]
  },
  {
    "id": "mun-val",
    "slug": "vallejuelo",
    "nombre": "Vallejuelo",
    "resumen": "Agricultura y balnearios.",
    "distritos_municipales": [
      "Jorjillo"
    ]
  },
  {
    "id": "mun-jdh",
    "slug": "juan-de-herrera",
    "nombre": "Juan de Herrera",
    "resumen": "Patrimonio arqueológico.",
    "distritos_municipales": [
      "Jínova"
    ]
  }
]