{
  "id": "prov-san-juan",
  "slug": "san-juan",
  "nombre": "Provincia San Juan",
  "pais": "República Dominicana",
  "region": "Región VI – El Valle",
  "lema_identitario": "El Granero del Sur",
  "resumen": "Proyecto demo. Sustituye este texto por el contenido completo desde tus documentos/JSON.",
  "linea_tiempo": [
    {
      "fecha": "Antes de 1492",
      "titulo": "Cacicazgo de Maguana",
      "descripcion": "Presencia taína y legado cultural."
    },
    {
      "fecha": "22/12/1855",
      "titulo": "Batalla de Santomé",
      "descripcion": "Hito histórico del siglo XIX."
    }
  ]
}