{
  "version": 1,
  "preguntas": [
    {
      "id": "q1",
      "categoria": "provincia",
      "dificultad": "facil",
      "pregunta": "¿Cómo se conoce popularmente a San Juan por su producción agrícola?",
      "opciones": [
        "La Perla del Sur",
        "El Granero del Sur",
        "La Ciudad Colonial",
        "El Jardín del Caribe"
      ],
      "respuestaIndex": 1
    },
    {
      "id": "q2",
      "categoria": "historia",
      "dificultad": "media",
      "pregunta": "¿Qué batalla (1855) se asocia a San Juan?",
      "opciones": [
        "La Estrelleta",
        "Santomé",
        "Las Carreras",
        "Sabana Larga"
      ],
      "respuestaIndex": 1
    }
  ]
}